sessionN,session,monkey,noncanc_hi,noncanc_lo,nostop_hi,nostop_lo,hiFlag,hiDiff,loFlag,loDiff,both,nostop_val,noncanc_val,ssrtDiff,ssrtHigh,ssrtLow
1,jou-cmand1DR-20201110,joule,244.797348976135,299.007892608643,255.48791885376,319.979667663574,1,-10.6905698776245,1,-20.9717750549316,1,-64.4917488098145,-54.2105436325073,28.7210343375529,122.929946340116,94.2089120025635
2,jou-cmand1DR-20201112,joule,264.499187469482,326.287269592285,264.990568161011,363.66331577301,1,-0.49138069152832,1,-37.3760461807251,1,-98.6727476119995,-61.7880821228027,43.746062408522,106.635526697686,62.8894642891644
3,jou-cmand1DR-20201113,joule,257.658958435059,334.028720855713,259.686350822449,382.177233695984,1,-2.02739238739014,1,-48.148512840271,1,-122.490882873535,-76.3697624206543,-18.8792330431127,65.8619169472625,84.7411499903752
4,jou-cmand1DR-20201114,joule,243.998646736145,350.330829620361,247.500896453857,350.003242492676,1,-3.5022497177124,0,0.327587127685547,0,-102.502346038818,-106.332182884216,12.4426018604848,85.569774085597,73.1271722251122
5,jou-cmand1DR-20201116,joule,245.022773742676,281.968832015991,253.992915153503,335.994720458984,1,-8.97014141082764,1,-54.0258884429932,1,-82.001805305481,-36.9460582733154,35.1044904488201,152.722219906552,117.617729457732
6,jou-cmand1DR-20201118,joule,258.703470230103,325.304269790649,260.300874710083,355.512499809265,1,-1.59740447998047,1,-30.2082300186157,1,-95.2116250991821,-66.6007995605469,-68.1492423609683,66.3427454898232,134.491987850792
7,jou-cmand1DR-20201122,joule,243.486762046814,322.170853614807,251.14631652832,355.983376502991,1,-7.65955448150635,1,-33.8125228881836,1,-104.83705997467,-78.6840915679932,64.1174262098833,116.88990307201,52.7724768621271
8,jou-cmand1DR-20201123,joule,236.503124237061,301.998138427734,243.998765945435,341.012477874756,1,-7.49564170837402,1,-39.0143394470215,1,-97.0137119293213,-65.4950141906738,10.1229283495467,130.865379222604,120.742450873057
9,jou-cmand1DR-20201124,joule,245.145678520203,309.002161026001,254.033803939819,344.985485076904,1,-8.8881254196167,1,-35.9833240509033,1,-90.951681137085,-63.8564825057983,3.66883601779853,114.658193622779,110.98935760498
10,jou-cmand1DR-20201125,joule,247.173190116882,303.308963775635,253.010034561157,356.966495513916,1,-5.8368444442749,1,-53.6575317382813,1,-103.956460952759,-56.1357736587524,33.1913832022787,118.75468439526,85.5633011929816
11,dar-cmand1DR-20201126,darwin,240.148544311523,275.988578796387,299.868226051331,354.01725769043,1,-59.7196817398071,1,-78.028678894043,1,-54.1490316390991,-35.8400344848633,11.7964614418286,114.346437055582,102.549975613753
12,dar-cmand1DR-20201127,darwin,228.310942649841,288.030862808228,258.662343025208,334.66362953186,1,-30.3514003753662,1,-46.6327667236328,1,-76.0012865066528,-59.7199201583862,-0.718044475792084,123.814503573374,124.532548049167
13,jou-cmand1DR-20201129,joule,257.003426551819,349.655032157898,262.021064758301,387.317895889282,1,-5.01763820648193,1,-37.6628637313843,1,-125.296831130981,-92.6516056060791,61.427216730534,144.484867342781,83.0576506122466
14,dar-cmand1DR-20201201,darwin,253.993034362793,304.988145828247,301.301717758179,347.013235092163,1,-47.3086833953857,1,-42.025089263916,1,-45.7115173339844,-50.9951114654541,11.1208866064395,134.691869901574,123.570983295135
15,dar-cmand1DR-20201202,darwin,240.967750549316,273.510456085205,281.5181016922,335.994958877563,1,-40.5503511428833,1,-62.4845027923584,1,-54.4768571853638,-32.5427055358887,11.1082369675718,130.8685379341,119.760300966528
16,dar-cmand1DR-20201203,darwin,250.020027160645,304.988145828247,292.495369911194,347.996234893799,1,-42.4753427505493,1,-43.0080890655518,1,-55.500864982605,-54.9681186676025,5.41119173630925,129.316343453826,123.905151717517
17,jou-cmand1DR-20201212,joule,231.997489929199,263.167977333069,229.519367218018,289.505243301392,0,2.47812271118164,1,-26.3372659683228,0,-59.985876083374,-31.1704874038696,48.3014036034293,125.352057922454,77.0506543190248
18,dar-cmand1DR-20201213,darwin,269.987821578979,331.509709358215,328.335285186768,365.342736244202,1,-58.3474636077881,1,-33.8330268859863,1,-37.0074510574341,-61.5218877792358,-10.6095615265861,127.158153019254,137.76771454584
19,dar-cmand1DR-20201214,darwin,287.334203720093,317.317247390747,325.161099433899,356.515884399414,1,-37.8268957138062,1,-39.198637008667,1,-31.3547849655151,-29.9830436706543,-7.75269449478591,128.83409901967,136.586793514456
20,dar-cmand1DR-20201215,darwin,255.160450935364,328.335404396057,309.841990470886,376.012802124023,1,-54.6815395355225,1,-47.6773977279663,1,-66.1708116531372,-73.1749534606934,3.57396340226263,127.655510561807,124.081547159544
21,dar-cmand1DR-20201219,darwin,270.008325576782,328.867793083191,304.005146026611,349.020004272461,1,-33.9968204498291,1,-20.15221118927,1,-45.0148582458496,-58.8594675064087,25.7296440918275,152.295949741414,126.566305649586
22,dar-cmand1DR-20201220,darwin,249.507904052734,322.723865509033,280.023097991943,352.010250091553,1,-30.515193939209,1,-29.2863845825195,1,-71.9871520996094,-73.2159614562988,-12.0673847077844,118.96567438163,131.033059089415
23,dar-cmand1DR-20201221,darwin,252.682447433472,303.022146224976,275.496959686279,357.990264892578,1,-22.8145122528076,1,-54.9681186676025,1,-82.4933052062988,-50.3396987915039,-10.0156422339624,125.918434864908,135.934077098871
24,jou-cmand1DR-20201222,joule,236.994504928589,291.000366210938,236.707925796509,327.638983726501,0,0.286579132080078,1,-36.638617515564,0,-90.9310579299927,-54.0058612823486,6.20608949268286,60.9648604572944,54.7587709646115
25,dar-cmand1DR-20201222,darwin,271.687507629395,362.496018409729,304.988145828247,377.692103385925,1,-33.3006381988525,1,-15.1960849761963,1,-72.7039575576782,-90.8085107803345,0.617361286160303,138.795650299685,138.178289013524
26,jou-cmand1DR-20201223,joule,242.483139038086,319.65184211731,245.002150535583,352.706670761108,1,-2.51901149749756,1,-33.0548286437988,1,-107.704520225525,-77.1687030792236,19.4815527050499,110.618928754159,91.1373760491087
27,jou-cmand1DR-20201224,joule,241.704940795898,326.000452041626,245.69845199585,365.178823471069,1,-3.99351119995117,1,-39.1783714294434,1,-119.48037147522,-84.2955112457275,-33.404018439233,82.2620539536347,115.666072392868
28,jou-cmand1DR-20201227,joule,227.696657180786,323.010444641113,227.28705406189,349.30694103241,0,0.409603118896484,1,-26.2964963912964,0,-122.01988697052,-95.3137874603271,3.34093924332649,109.612776689751,106.271837446425
29,dar-cmand1DR-20201228,darwin,342.015981674194,338.14525604248,353.689670562744,372.285604476929,1,-11.6736888885498,1,-34.1403484344482,1,-18.5959339141846,3.87072563171387,-34.2632407444959,120.440431505616,154.703672250112
30,dar-cmand1DR-20201229,darwin,281.681895256042,347.668528556824,333.701133728027,379.002809524536,1,-52.0192384719849,1,-31.3342809677124,1,-45.3016757965088,-65.9866333007813,5.54050288187491,136.012901829238,130.472398947363
31,dar-cmand1DR-20201231,darwin,308.162689208984,364.339113235474,345.005989074707,379.002809524536,1,-36.8432998657227,1,-14.6636962890625,1,-33.9968204498291,-56.1764240264893,1.1869195881757,144.405607064011,143.218687475836
32,dar-cmand1DR-20210102,darwin,309.985399246216,365.97752571106,357.294082641602,393.011093139648,1,-47.3086833953857,1,-27.0335674285889,1,-35.7170104980469,-55.9921264648438,-12.5705734366026,120.112774600721,132.683348037324
33,jou-cmand1DR-20210103,joule,235.33570766449,328.007698059082,236.011505126953,354.345083236694,1,-0.675797462463379,1,-26.3373851776123,1,-118.333578109741,-92.6719903945923,-15.1535394896225,58.9248885693757,74.0784280589982
34,dar-cmand1DR-20210103,darwin,280.699014663696,355.368852615356,327.311277389526,378.839015960693,1,-46.6122627258301,1,-23.4701633453369,1,-51.527738571167,-74.6698379516602,8.48737093773516,137.231304859504,128.743933921769
35,jou-cmand1DR-20210104,joule,233.676671981812,321.331143379211,238.694429397583,350.658655166626,1,-5.01775741577148,1,-29.3275117874146,1,-111.964225769043,-87.6544713973999,9.16355239007537,101.064572196374,91.9010198062982
36,jou-cmand1DR-20210105,joule,233.820199966431,317.358016967773,234.352707862854,354.836463928223,1,-0.53250789642334,1,-37.4784469604492,1,-120.483756065369,-83.5378170013428,-35.7088553060746,110.913491713262,146.622347019337
37,dar-cmand1DR-20210105,darwin,277.012586593628,339.988470077515,320.655345916748,375.869512557983,1,-43.6427593231201,1,-35.8810424804688,1,-55.2141666412354,-62.9758834838867,9.42674394909864,140.720044776844,131.293300827746
38,dar-cmand1DR-20210107,darwin,288.727045059204,346.357703208923,345.497608184814,402.513861656189,1,-56.7705631256104,1,-56.1561584472656,1,-57.0162534713745,-57.6306581497192,-9.12056973559706,125.1036721569,134.224241892497
39,dar-cmand1DR-20210109,darwin,318.812131881714,369.520664215088,363.683700561523,399.503469467163,1,-44.8715686798096,1,-29.9828052520752,1,-35.8197689056396,-50.708532333374,7.87017194392683,125.554618543508,117.684446599581
40,jou-cmand1DR-20210110,joule,234.987497329712,317.665338516235,237.322092056274,333.332419395447,1,-2.3345947265625,1,-15.6670808792114,1,-96.0103273391724,-82.6778411865234,60.2206614115974,127.707771237425,67.4871098258279
41,dar-cmand1DR-20210110,darwin,286.515116691589,376.012802124023,343.039989471436,401.325941085815,1,-56.5248727798462,1,-25.313138961792,1,-58.2859516143799,-89.4976854324341,21.293585680689,138.65622153649,117.362635855801
42,dar-cmand1DR-20210111,darwin,281.026601791382,356.679677963257,342.015981674194,396.288156509399,1,-60.9893798828125,1,-39.6084785461426,1,-54.2721748352051,-75.653076171875,13.3190302368046,132.387289521414,119.06825928461
43,dar-cmand1DR-20210112,darwin,354.304075241089,370.974779129028,385.351657867432,404.029369354248,1,-31.0475826263428,1,-33.0545902252197,1,-18.6777114868164,-16.6707038879395,1.9128141520701,141.892073180649,139.979259028579
44,dar-cmand1DR-20210114,darwin,329.666495323181,377.979040145874,366.305232048035,411.033630371094,1,-36.6387367248535,1,-33.0545902252197,1,-44.7283983230591,-48.3125448226929,-9.6762114721642,127.667923118678,137.344134590843
45,dar-cmand1DR-20210115,darwin,332.513213157654,402.30917930603,374.005794525146,422.993898391724,1,-41.4925813674927,1,-20.6847190856934,1,-48.9881038665771,-69.7959661483765,-12.3206947985902,115.873901975667,128.194596774257
46,jou-cmand1DR-20210116,joule,224.993228912354,309.329986572266,229.990482330322,311.992168426514,1,-4.99725341796875,1,-2.66218185424805,1,-82.0016860961914,-84.3367576599121,19.475053429369,133.642085965208,114.167032535839
47,dar-cmand1DR-20210116,darwin,317.009925842285,386.4985704422,359.506011009216,405.504107475281,1,-42.4960851669312,1,-19.0055370330811,1,-45.9980964660645,-69.4886445999146,54.7400844638701,139.165801850576,84.4257173867061
48,jou-cmand1DR-20210118,joule,236.994624137878,320.02067565918,231.301069259644,348.999619483948,0,5.69355487823486,1,-28.9789438247681,0,-117.698550224304,-83.0260515213013,1.3465595206251,64.8819132392583,63.5353537186332
49,dar-cmand1DR-20210120,darwin,332.841038703918,378.859519958496,382.689237594604,408.002614974976,1,-49.848198890686,1,-29.1430950164795,1,-25.3133773803711,-46.0184812545776,-7.23059903450824,119.608137961066,126.838736995574
50,jou-cmand1DR-20210204,joule,227.696657180786,327.311277389526,234.004378318787,333.312034606934,1,-6.30772113800049,1,-6.00075721740723,1,-99.307656288147,-99.6146202087402,-38.5342820326475,61.8970353138911,100.431317346539
51,dar-cmand1DR-20210211,darwin,304.005146026611,358.031511306763,349.511742591858,394.670009613037,1,-45.5065965652466,1,-36.6384983062744,1,-45.1582670211792,-54.0263652801514,11.8344706854935,129.379280719882,117.544810034388
52,dar-cmand1DR-20210213,darwin,348.323822021484,369.663953781128,380.026817321777,394.69051361084,1,-31.702995300293,1,-25.0265598297119,1,-14.6636962890625,-21.3401317596436,-18.2500062765094,117.745164214381,135.99517049089
53,dar-cmand1DR-20210223,darwin,342.99898147583,382.033824920654,363.683938980103,402.513980865479,1,-20.6849575042725,1,-20.4801559448242,1,-38.830041885376,-39.0348434448242,-9.77007836465305,137.410665182543,147.180743547196
54,dar-cmand1DR-20210225,darwin,352.645039558411,385.003447532654,381.337523460388,422.154188156128,1,-28.6924839019775,1,-37.1507406234741,1,-40.8166646957397,-32.3584079742432,17.720609759886,136.832462169312,119.111852409426
55,dar-cmand1DR-20210301,darwin,318.709850311279,378.30638885498,354.365348815918,402.984857559204,1,-35.6554985046387,1,-24.6784687042236,1,-48.6195087432861,-59.5965385437012,26.3126863919304,165.964175124303,139.651488732372
56,jou-cmand1DR-20210302,joule,229.990482330322,330.854296684265,234.332084655762,347.996234893799,1,-4.34160232543945,1,-17.1419382095337,1,-113.664150238037,-100.863814353943,-6.1476189525184,221.840842745521,227.988461698039
57,dar-cmand1DR-20210304,darwin,356.515765190125,375.009298324585,389.32466506958,410.992622375488,1,-32.8088998794556,1,-35.9833240509033,1,-21.6679573059082,-18.4935331344604,4.38988908163061,129.236657891719,124.846768810088
58,dar-cmand1DR-20210306,darwin,319.037437438965,403.68115901947,355.696678161621,411.975741386414,1,-36.6592407226563,1,-8.29458236694336,1,-56.2790632247925,-84.6437215805054,18.2109489370623,143.15670634761,124.945757410548
59,jou-cmand1DR-20210311,joule,234.987497329712,355.368852615356,238.714933395386,392.683506011963,1,-3.72743606567383,1,-37.3146533966064,1,-153.968572616577,-120.381355285645,46.5211349027938,168.228000330638,121.706865427844
60,jou-cmand1DR-20210312,joule,234.700679779053,309.002161026001,242.032527923584,379.330396652222,1,-7.33184814453125,1,-70.3282356262207,1,-137.297868728638,-74.3014812469482,5.96457586978794,86.8372966808901,80.8727208111021
61,dar-cmand1DR-20210313,darwin,309.350371360779,344.678401947021,352.993249893188,390.000700950623,1,-43.6428785324097,1,-45.3222990036011,1,-37.0074510574341,-35.3280305862427,28.0314129978155,156.69513488638,128.663721888564
62,dar-cmand1DR-20210314,darwin,321.003437042236,374.005794525146,370.176076889038,411.975622177124,1,-49.1726398468018,1,-37.9698276519775,1,-41.7995452880859,-53.0023574829102,8.86319127169924,139.702732383707,130.839541112008
63,dar-cmand1DR-20210315,darwin,316.006422042847,377.016305923462,359.342098236084,399.646759033203,1,-43.3356761932373,1,-22.6304531097412,1,-40.3046607971191,-61.0098838806152,28.0047309468586,116.518486154688,88.5137552078294
64,jou-cmand1DR-20210316,joule,258.314371109009,283.320307731628,273.0393409729,305.684566497803,1,-14.7249698638916,1,-22.3642587661743,1,-32.6452255249023,-25.0059366226196,2.81802519128743,94.0223036291393,91.2042784378518
65,dar-cmand1DR-20210317,darwin,308.817982673645,404.971599578857,356.720447540283,429.014921188354,1,-47.9024648666382,1,-24.0433216094971,1,-72.2944736480713,-96.1536169052124,9.01689809871678,138.404880487983,129.387982389266
66,jou-cmand1DR-20210319,joule,280.985593795776,379.514932632446,289.361953735352,418.32447052002,1,-8.3763599395752,1,-38.8095378875732,1,-128.962516784668,-98.5293388366699,36.1975981713205,156.630165545971,120.432567374651
67,dar-cmand1DR-20210321,darwin,265.994191169739,379.986047744751,308.85899066925,413.511633872986,1,-42.8647994995117,1,-33.5255861282349,1,-104.652643203735,-113.991856575012,-23.9118097909304,110.430324994601,134.342134785531
68,jou-cmand1DR-20210322,joule,267.30489730835,376.299619674683,269.353032112122,401.325941085815,1,-2.04813480377197,1,-25.0263214111328,1,-131.972908973694,-108.994722366333,26.87622197371,146.775583188105,119.899361214395
69,jou-cmand1DR-20210325,joule,287.846326828003,377.323627471924,284.016847610474,415.006637573242,0,3.8294792175293,1,-37.6830101013184,0,-130.989789962769,-89.4773006439209,86.426317981453,189.631495076654,103.205177095201
70,dar-cmand1DR-20210328,darwin,272.015333175659,386.990070343018,290.344953536987,417.013883590698,1,-18.3296203613281,1,-30.0238132476807,1,-126.668930053711,-114.974737167358,1.68491000830147,131.72327236635,130.038362358049
71,jou-cmand1DR-20210329,joule,292.986869812012,375.029802322388,297.000885009766,408.985376358032,1,-4.01401519775391,1,-33.9555740356445,1,-111.984491348267,-82.042932510376,41.2668729239023,220.651157530781,179.384284606878
72,jou-cmand1DR-20210409,joule,256.860136985779,297.021389007568,256.00004196167,328.703880310059,0,0.860095024108887,1,-31.6824913024902,0,-72.7038383483887,-40.1612520217896,32.9690258220069,102.615249700214,69.6462238782073
73,jou-cmand1DR-20210410,joule,269.680738449097,359.014272689819,276.029586791992,381.993055343628,1,-6.34884834289551,1,-22.9787826538086,1,-105.963468551636,-89.3335342407227,55.5186291381181,115.720858911762,60.2022297736442
74,jou-cmand1DR-20210413,joule,267.16160774231,310.968399047852,273.98157119751,367.841243743896,1,-6.8199634552002,1,-56.8728446960449,1,-93.8596725463867,-43.806791305542,17.7200980229512,115.863430250737,98.1433322277855
75,dar-cmand1DR-20210419,darwin,291.000366210938,372.694969177246,332.861423492432,416.030645370483,1,-41.8610572814941,1,-43.3356761932373,1,-83.1692218780518,-81.6946029663086,28.5351601870436,141.106896102428,112.571735915385
76,dar-cmand1DR-20210420,darwin,303.677439689636,386.007070541382,344.964981079102,398.848056793213,1,-41.2875413894653,1,-12.8409862518311,1,-53.8830757141113,-82.3296308517456,47.1037282686999,136.380439461348,89.2767111926484
77,jou-cmand1DR-20210421,joule,254.68921661377,318.341135978699,258.68284702301,338.00196647644,1,-3.99363040924072,1,-19.6608304977417,1,-79.3191194534302,-63.6519193649292,12.9508479175713,143.617311914459,130.666463996887
78,dar-cmand1DR-20210426,darwin,316.006422042847,397.025346755981,350.003242492676,424.959897994995,1,-33.9968204498291,1,-27.9345512390137,1,-74.9566555023193,-81.0189247131348,1.74270773003498,117.013472934214,115.270765204179
79,dar-cmand1DR-20210427,darwin,299.294710159302,409.497618675232,332.533836364746,430.65333366394,1,-33.2391262054443,1,-21.1557149887085,1,-98.1194972991943,-110.20290851593,11.1988983261121,113.425442971379,102.226544645267
80,jou-cmand1DR-20210428,joule,247.685194015503,327.024698257446,252.026796340942,345.497608184814,1,-4.34160232543945,1,-18.4729099273682,1,-93.4708118438721,-79.3395042419434,-23.2441351821312,81.4292272137057,104.673362395837
81,jou-cmand1DR-20210430,joule,248.319983482361,325.345277786255,252.682209014893,347.996234893799,1,-4.36222553253174,1,-22.6509571075439,1,-95.3140258789063,-77.025294303894,5.7439553791189,101.197035081459,95.4530797023399
82,jou-cmand1DR-20210503,joule,243.343472480774,319.344639778137,247.685194015503,355.696678161621,1,-4.341721534729,1,-36.3520383834839,1,-108.011484146118,-76.0011672973633,14.4028044557761,109.616821641964,95.2140171861879
83,jou-cmand1DR-20210505,joule,245.821595191956,336.015224456787,251.699209213257,354.713678359985,1,-5.87761402130127,1,-18.6984539031982,1,-103.014469146729,-90.1936292648315,-11.1714072927168,90.2064982983244,101.377905591041
84,jou-cmand1DR-20210508,joule,238.01851272583,316.702842712402,245.309591293335,339.5174741745,1,-7.29107856750488,1,-22.8146314620972,1,-94.2078828811646,-78.6843299865723,4.625540450049,128.70791010271,124.082369652661
85,jou-cmand1DR-20210510,joule,262.000679969788,316.334009170532,262.860774993896,342.507481575012,1,-0.860095024108887,1,-26.17347240448,1,-79.6467065811157,-54.3333292007446,-61.7327751355622,75.7064601363839,137.439235271946
86,jou-cmand1DR-20210513,joule,260.85376739502,335.994958877563,265.011191368103,351.84633731842,1,-4.1574239730835,1,-15.8513784408569,1,-86.8351459503174,-75.1411914825439,-15.4262177038493,86.9856157461802,102.411833450029
87,jou-cmand1DR-20210517,joule,267.01831817627,344.146013259888,283.996224403381,359.485387802124,1,-16.9779062271118,1,-15.3393745422363,1,-75.4891633987427,-77.1276950836182,-2.1935005076069,98.9719630063065,101.165463513913
88,jou-cmand1DR-20210518,joule,259.010434150696,323.993444442749,268.656611442566,351.027250289917,1,-9.64617729187012,1,-27.033805847168,1,-82.3706388473511,-64.9830102920532,4.68187831039492,117.318063644042,112.636185333647
89,dar-cmand1DR-20210521,darwin,292.003870010376,381.993055343628,329.686880111694,417.013883590698,1,-37.6830101013184,1,-35.0208282470703,1,-87.3270034790039,-89.989185333252,25.0317222683407,146.522476590913,121.490754322572
90,dar-cmand1DR-20210522,darwin,305.827856063843,415.846347808838,335.011959075928,441.016435623169,1,-29.184103012085,1,-25.1700878143311,1,-106.004476547241,-110.018491744995,3.94546020705687,137.426444162721,133.480983955664
91,dar-cmand1DR-20210524,darwin,300.032138824463,393.707513809204,324.689865112305,425.984144210815,1,-24.6577262878418,1,-32.2766304016113,1,-101.294279098511,-93.6753749847412,-30.2244815507372,120.245552212937,150.470033763674
92,dar-cmand1DR-20210525,darwin,297.32871055603,376.996040344238,317.644834518433,415.989875793457,1,-20.3161239624023,1,-38.9938354492188,1,-98.3450412750244,-79.667329788208,21.0612691620649,133.184517860413,112.123248698348
93,dar-cmand1DR-20210528,darwin,285.163640975952,386.86728477478,318.85302066803,412.999629974365,1,-33.6893796920776,1,-26.132345199585,1,-94.1466093063354,-101.703643798828,12.6380215219371,130.217669502137,117.5796479802
94,dar-cmand1DR-20210603,darwin,315.514922142029,413.163542747498,354.017376899719,438.026189804077,1,-38.5024547576904,1,-24.8626470565796,1,-84.0088129043579,-97.6486206054688,7.6302387307063,129.222708714159,121.592469983453
95,jou-cmand1DR-20210607,joule,250.306487083435,356.003880500793,251.002788543701,367.697954177856,1,-0.696301460266113,1,-11.694073677063,1,-116.695165634155,-105.697393417358,35.5317268146769,136.606562870305,101.074836055628
96,dar-cmand1DR-20210607,darwin,313.487410545349,405.995607376099,333.803534507751,427.007913589478,1,-20.3161239624023,1,-21.0123062133789,1,-93.2043790817261,-92.5081968307495,12.4014427136926,134.864584893891,122.463142180199
97,jou-cmand1DR-20210608,joule,243.015766143799,338.329792022705,248.012900352478,348.139524459839,1,-4.9971342086792,1,-9.80973243713379,1,-100.126624107361,-95.3140258789063,-48.8051471011771,87.8849219220429,136.69006902322
98,jou-cmand1DR-20210610,joule,251.65843963623,327.024698257446,257.310628890991,350.351452827454,1,-5.65218925476074,1,-23.3267545700073,1,-93.0408239364624,-75.3662586212158,-32.5187607105304,139.058811880357,171.577572590887
99,dar-cmand1DR-20210610,darwin,301.998138427734,370.032787322998,339.005470275879,412.999629974365,1,-37.0073318481445,1,-42.9668426513672,1,-73.9941596984863,-68.0346488952637,4.04970363772549,127.182406356282,123.132702718557
100,jou-cmand1DR-20210611,joule,262.000679969788,322.9900598526,267.01831817627,342.507481575012,1,-5.01763820648193,1,-19.5174217224121,1,-75.4891633987427,-60.9893798828125,27.1705415001356,167.351940823957,140.181399323822
101,dar-cmand1DR-20210611,darwin,278.159379959106,380.477428436279,288.317441940308,412.016630172729,1,-10.1580619812012,1,-31.5392017364502,1,-123.699188232422,-102.318048477173,-27.7774416141135,125.070215574798,152.847657188912
102,dar-cmand1DR-20210612,darwin,288.993358612061,375.009298324585,318.013429641724,410.992622375488,1,-29.0200710296631,1,-35.9833240509033,1,-92.9791927337646,-86.0159397125244,-14.1482373178858,113.193777170074,127.34201448796
103,jou-cmand1DR-20210613,joule,258.990049362183,358.502388000488,272.015333175659,380.026817321777,1,-13.0252838134766,1,-21.5244293212891,1,-108.011484146118,-99.5123386383057,-18.7609587770527,127.651613787186,146.412572564239
104,dar-cmand1DR-20210613,darwin,271.175622940063,364.994525909424,296.01788520813,408.002614974976,1,-24.8422622680664,1,-43.0080890655518,1,-111.984729766846,-93.8189029693604,7.16252010801564,116.13765122234,108.975131114324
105,jou-cmand1DR-20210614,joule,261.816263198853,352.706432342529,267.01831817627,380.682229995728,1,-5.20205497741699,1,-27.9757976531982,1,-113.663911819458,-90.8901691436768,-15.7024686298492,149.268017241449,164.970485871298
106,dar-cmand1DR-20210614,darwin,288.686156272888,351.314067840576,315.371513366699,395.857930183411,1,-26.685357093811,1,-44.5438623428345,1,-80.4864168167114,-62.627911567688,3.64879485698063,139.120626449585,135.471831592604
107,jou-cmand1DR-20210615,joule,250.675201416016,314.982414245605,258.007049560547,337.018728256226,1,-7.33184814453125,1,-22.0363140106201,1,-79.0116786956787,-64.3072128295898,6.44745477297616,131.110631793153,124.663177020177
108,jou-cmand1DR-20210616,joule,259.33825969696,339.496970176697,266.834020614624,362.700700759888,1,-7.49576091766357,1,-23.2037305831909,1,-95.8666801452637,-80.1587104797363,-21.6107753047072,78.1451632652754,99.7559385699826
109,dar-cmand1DR-20210616,darwin,286.638021469116,369.336366653442,312.995910644531,419.676065444946,1,-26.357889175415,1,-50.3396987915039,1,-106.680154800415,-82.6983451843262,-21.297066564839,120.906757988386,142.203824553225
110,dar-cmand1DR-20210617,darwin,282.992601394653,377.978801727295,317.317008972168,422.010898590088,1,-34.3244075775146,1,-44.032096862793,1,-104.69388961792,-94.9862003326416,2.86677300053216,124.09777826117,121.231005260638
112,dar-cmand1DR-20210618,darwin,296.018123626709,393.359303474426,330.854415893555,410.992622375488,1,-34.8362922668457,1,-17.633318901062,1,-80.1382064819336,-97.3411798477173,31.9506597409445,141.170578821264,109.21991908032
116,dar-cmand1DR-20210621,darwin,306.667566299438,394.321918487549,328.007698059082,427.990913391113,1,-21.3401317596436,1,-33.6689949035645,1,-99.9832153320313,-87.6543521881104,23.0909413467133,129.802932189061,106.711990842348
117,dar-cmand1DR-20210622,darwin,306.995153427124,399.482846260071,333.332538604736,431.308746337891,1,-26.3373851776123,1,-31.8259000778198,1,-97.9762077331543,-92.4876928329468,10.8240197732011,109.871502440105,99.047482666904
1,eulsef20120904c-01,Euler,269,276,307,317,1,-38,1,-41,1,-10,-7,5.93422642500653,198.502127659574,192.567901234568
2,eulsef20120905c-01,Euler,275.5,320.5,298,308,1,-22.5,0,12.5,0,-10,-45,-4.1233093489603,161.199095022624,165.322404371585
3,eulsef20120906e-01,Euler,289,308,316,343.5,1,-27,1,-35.5,1,-27.5,-19,-15.1575324505048,146.534482758621,161.692015209125
4,eulsef20120907c-01,Euler,257,273.5,275.5,337,1,-18.5,1,-63.5,1,-61.5,-16.5,-53.9625124291378,109.672025723473,163.63453815261
5,eulsef20120908c-01,Euler,275,270,309,317,1,-34,1,-47,1,-8,5,26.3128511530398,183.128888888889,156.816037735849
6,eulsef20120909c-01,Euler,236.5,259,257.5,291,1,-21,1,-32,1,-33.5,-22.5,24.798601021213,161.968325791855,137.169724770642
7,xensef20120326b-01,Xena,237,261,241,278,1,-4,1,-17,1,-37,-24,20.4701028104852,109.169064748201,88.6989619377163
8,xensef20120327b-01,Xena,228,244,237.5,265,1,-9.5,1,-21,1,-27.5,-16,11.23789260385,144.542857142857,133.304964539007
9,xensef20120403c-01,Xena,241,253,251,265,1,-10,1,-12,1,-14,-12,-13.4309803921568,142.882352941176,156.313333333333
10,xensef20120406b-01,Xena,227,252,234.5,282,1,-7.5,1,-30,1,-47.5,-25,5.06840085287845,164.605714285714,159.537313432836
11,xensef20120410b-01,Xena,207,235,221,249,1,-14,1,-14,1,-28,-28,40.2004825619654,164.551546391753,124.351063829787
12,xensef20120413d-01,Xena,212,248.5,225.5,260,1,-13.5,1,-11.5,1,-34.5,-36.5,0.337596403518972,150.28841607565,149.950819672131
13,xensef20120416b-01,Xena,227,267,247,292,1,-20,1,-25,1,-45,-40,27.8395330551019,140.767676767677,112.928143712575
14,eulsef20120910c-01,Euler,238,276,272,302,1,-34,1,-26,1,-30,-38,-4.19674931667322,144.370558375635,148.567307692308
15,eulsef20120911c-01,Euler,253,280.5,289,353,1,-36,1,-72.5,1,-64,-27.5,1.68776709401709,140.774305555556,139.086538461538
16,eulsef20120912c-01,Euler,244,286,292,352,1,-48,1,-66,1,-60,-42,-0.54732348627698,127.084459459459,127.631782945736
17,eulsef20120913c-01,Euler,224,282,254,422,1,-30,1,-140,1,-168,-58,-12.2688345949386,109.913738019169,122.182572614108
18,eulsef20120914c-01,Euler,201.5,266,247,398,1,-45.5,1,-132,1,-151,-64.5,-50.5148148148148,89.3851851851852,139.9
19,eulsef20120915c-01,Euler,213,280.5,271.5,400,1,-58.5,1,-119.5,1,-128.5,-67.5,-27.4642064372919,118.373529411765,145.837735849057
20,xensef20120420a-01,Xena,210,248,228,257,1,-18,1,-9,1,-29,-38,-8.93929843792824,139.081300813008,148.020599250936
21,xensef20120423b-final,Xena,206.5,248,239,273,1,-32.5,1,-25,1,-34,-41.5,0.849999999999966,157.65,156.8
22,xensef20120424c-final,Xena,212,269.5,232,291,1,-20,1,-21.5,1,-59,-57.5,0.82090588514734,95.3012552301255,94.4803493449782
23,xensef20120425c-final,Xena,206,267,236,289,1,-30,1,-22,1,-53,-61,-35.9709802878702,95.7305122494432,131.701492537313
24,xensef20120426c-01,Xena,204,264.5,233,287,1,-29,1,-22.5,1,-54,-60.5,-3.02011427179644,133.477516059957,136.497630331754
25,xensef20120427c-01,Xena,189.5,261,209,267,1,-19.5,1,-6,1,-58,-71.5,-28.2391902469107,107.101503759398,135.340694006309
26,xensef20120514d-final,Xena,239,278.5,251,327,1,-12,1,-48.5,1,-76,-39.5,-22.7616554054054,75.89375,98.6554054054054
27,xensef20120515c-final,Xena,227,263,256.5,280,1,-29.5,1,-17,1,-23.5,-36,18.7028265851795,111.521008403361,92.8181818181818
28,xensef20120516c-final,Xena,230,234,236,259.5,1,-6,1,-25.5,1,-23.5,-4,0.707021126207479,165.987394957983,165.280373831776
29,xensef20120517d-final,Xena,243,274,262,286,1,-19,1,-12,1,-24,-31,70.3961298207496,166.989285714286,96.5931558935361
